{
  "lang":"en",
  "name":"pipeline",
  "version":"0.0.0",
  "spacy_version":">=3.1.2,<3.2.0",
  "description":"",
  "author":"",
  "email":"",
  "url":"",
  "license":"",
  "spacy_git_version":"e1f88de72",
  "vectors":{
    "width":0,
    "vectors":0,
    "keys":0,
    "name":null
  },
  "labels":{
    "entity_ruler":[
      "STATE"
    ],
    "ner":[
      "BUILDING_NAME",
      "BUILDING_NO",
      "CITY",
      "COUNTRY",
      "RECIPIENT",
      "STATE",
      "STREET_NAME",
      "ZIP_CODE"
    ]
  },
  "pipeline":[
    "entity_ruler",
    "ner"
  ],
  "components":[
    "entity_ruler",
    "ner"
  ],
  "disabled":[

  ],
  "performance":{
    "ents_f":0.9621212121,
    "ents_p":0.954887218,
    "ents_r":0.9694656489,
    "ents_per_type":{
      "BUILDING_NO":{
        "p":0.9375,
        "r":0.9375,
        "f":0.9375
      },
      "STREET_NAME":{
        "p":0.8947368421,
        "r":0.9444444444,
        "f":0.9189189189
      },
      "CITY":{
        "p":1.0,
        "r":1.0,
        "f":1.0
      },
      "STATE":{
        "p":0.9565217391,
        "r":1.0,
        "f":0.9777777778
      },
      "ZIP_CODE":{
        "p":1.0,
        "r":1.0,
        "f":1.0
      },
      "COUNTRY":{
        "p":1.0,
        "r":1.0,
        "f":1.0
      },
      "RECIPIENT":{
        "p":1.0,
        "r":1.0,
        "f":1.0
      },
      "BUILDING_NAME":{
        "p":0.5,
        "r":0.5,
        "f":0.5
      }
    },
    "ner_loss":0.0020140509
  }
}