"Error","Field","Row"
"Type Conversion Failure","Revision","12"
"Type Conversion Failure","Revision","22"
"Type Conversion Failure","Revision","25"
"Type Conversion Failure","Revision","26"
"Type Conversion Failure","Revision","27"
"Type Conversion Failure","Revision","28"
"Type Conversion Failure","Revision","29"
"Type Conversion Failure","Revision","30"
"Type Conversion Failure","Revision","31"
"Type Conversion Failure","Revision","32"
"Type Conversion Failure","Revision","33"
"Type Conversion Failure","Revision","34"
"Type Conversion Failure","Revision","35"
"Type Conversion Failure","Revision","36"
"Type Conversion Failure","Revision","37"
"Type Conversion Failure","Revision","38"
